employee_key,work_date,department,shift,scheduled_start,scheduled_end,actual_check_in,actual_check_out,attendance_status,exception_type,source_row_id
SYN-S001,2026-01-05,Sales,Day,2026-01-05 09:00:00,2026-01-05 17:00:00,2026-01-05 09:00:00,2026-01-05 17:01:00,present,,SYN-001
SYN-S002,2026-01-05,Sales,Day,2026-01-05 09:00:00,2026-01-05 17:00:00,2026-01-05 09:12:00,2026-01-05 17:04:00,present,late_arrival,SYN-002
SYN-S003,2026-01-05,Sales,Day,2026-01-05 09:00:00,2026-01-05 17:00:00,,,absent,absence,SYN-003
SYN-O001,2026-01-05,Operations,Day,2026-01-05 08:00:00,2026-01-05 16:00:00,2026-01-05 08:07:00,2026-01-05 16:00:00,present,late_arrival,SYN-004
SYN-O002,2026-01-05,Operations,Day,2026-01-05 08:00:00,2026-01-05 16:00:00,2026-01-05 08:00:00,2026-01-05 16:00:00,present,,SYN-005
SYN-S101,2026-01-06,Sales,Day,2026-01-06 09:00:00,2026-01-06 17:00:00,2026-01-06 09:09:00,2026-01-06 17:00:00,present,late_arrival,SYN-006
SYN-S102,2026-01-06,Sales,Day,2026-01-06 09:00:00,2026-01-06 17:00:00,2026-01-06 09:00:00,,missing_punch,missing_check_out,SYN-007
SYN-O101,2026-01-06,Operations,Day,2026-01-06 08:00:00,2026-01-06 16:00:00,, ,missing_punch,missing_check_in,SYN-008
SYN-O102,2026-01-06,Operations,Day,2026-01-06 08:00:00,2026-01-06 16:00:00,2026-01-06 08:02:00,2026-01-06 16:01:00,present,,SYN-009
SYN-S201,2026-01-07,Sales,Day,2026-01-07 09:00:00,2026-01-07 17:00:00,2026-01-07 09:03:00,2026-01-07 17:02:00,present,,SYN-010
SYN-O201,2026-01-07,Operations,Overnight,2026-01-07 22:00:00,2026-01-08 06:00:00,2026-01-07 22:03:00,2026-01-08 06:02:00,present,,SYN-011
SYN-O202,2026-01-07,Operations,Overnight,2026-01-07 22:00:00,2026-01-08 06:00:00,2026-01-07 22:12:00,,missing_punch,late_arrival,SYN-012
SYN-S301,2026-01-08,Sales,Day,2026-01-08 09:00:00,2026-01-08 17:00:00,2026-01-08 09:21:00,2026-01-08 17:00:00,present,late_arrival,SYN-013
SYN-O301,2026-01-08,Operations,Day,2026-01-08 08:00:00,2026-01-08 16:00:00,,,absent,absence,SYN-014
SYN-S302,2026-01-08,Sales,Day,2026-01-08 09:00:00,2026-01-08 17:00:00,2026-01-08 09:00:00,2026-01-08 17:03:00,present,,SYN-015
SYN-O401,2026-01-09,Operations,Day,2026-01-09 08:00:00,2026-01-09 16:00:00,2026-01-09 08:00:00,2026-01-09 16:00:00,present,,SYN-016
SYN-S401,2026-01-09,Sales,Day,2026-01-09 09:00:00,2026-01-09 17:00:00,2026-01-09 09:02:00,,missing_punch,missing_check_out,SYN-017
SYN-O402,2026-01-09,Operations,Day,2026-01-09 08:00:00,2026-01-09 16:00:00,2026-01-09 08:04:00,2026-01-09 16:01:00,present,manual_review,SYN-018
